{
    "loss": [
        0.7157025337219238,
        0.6391454935073853,
        0.6102742552757263,
        0.591606080532074,
        0.5705161094665527,
        0.5535297989845276,
        0.5349472165107727,
        0.5110999345779419,
        0.4912324547767639,
        0.4777456223964691,
        0.46956667304039,
        0.4547519385814667,
        0.44821810722351074,
        0.4370223879814148,
        0.428467333316803,
        0.419300377368927,
        0.4107111692428589,
        0.40192434191703796,
        0.3980065584182739,
        0.3851638734340668,
        0.38481515645980835,
        0.3751709759235382,
        0.369401752948761,
        0.36253833770751953,
        0.3556954562664032,
        0.3517572283744812,
        0.34748682379722595,
        0.34688812494277954,
        0.33715957403182983,
        0.3308824598789215,
        0.33160191774368286,
        0.3248392641544342,
        0.3255384862422943,
        0.3209601044654846,
        0.31188470125198364,
        0.30798494815826416,
        0.3042678236961365,
        0.29905325174331665,
        0.299762487411499,
        0.29905861616134644,
        0.28790825605392456,
        0.28788983821868896,
        0.2846820056438446,
        0.2814558148384094,
        0.27730312943458557,
        0.276534765958786,
        0.27120882272720337,
        0.26623883843421936,
        0.26537537574768066,
        0.26174452900886536,
        0.2565957307815552,
        0.25524643063545227,
        0.25129610300064087,
        0.2509012818336487,
        0.24855220317840576,
        0.24706082046031952,
        0.2426454871892929,
        0.24204276502132416,
        0.23737099766731262,
        0.23558415472507477,
        0.23447638750076294,
        0.23404084146022797,
        0.23269180953502655,
        0.22591684758663177,
        0.22429406642913818,
        0.2218244969844818,
        0.22067229449748993,
        0.21716958284378052,
        0.21424919366836548,
        0.21337775886058807,
        0.21266961097717285,
        0.20824013650417328,
        0.2061368077993393,
        0.20461854338645935,
        0.2033805102109909,
        0.20205222070217133,
        0.20041783154010773,
        0.1942308247089386,
        0.19457127153873444,
        0.1929001361131668,
        0.19086559116840363,
        0.18976959586143494
    ],
    "accuracy": [
        0.7139667868614197,
        0.7375341057777405,
        0.7514264583587646,
        0.753411054611206,
        0.7660630345344543,
        0.7888861298561096,
        0.803026556968689,
        0.8223766088485718,
        0.8310592770576477,
        0.8362689018249512,
        0.837757408618927,
        0.8442074060440063,
        0.8444554805755615,
        0.8506574034690857,
        0.8568593263626099,
        0.8595882058143616,
        0.863061249256134,
        0.8670305013656616,
        0.8650459051132202,
        0.8705036044120789,
        0.8714959025382996,
        0.8705036044120789,
        0.8769536018371582,
        0.8804267048835754,
        0.8796824812889099,
        0.8806747794151306,
        0.8799305558204651,
        0.8806747794151306,
        0.8863805532455444,
        0.8893575072288513,
        0.8878690004348755,
        0.8896055817604065,
        0.8878690004348755,
        0.8893575072288513,
        0.8915901780128479,
        0.8928305506706238,
        0.8898536562919617,
        0.8953113555908203,
        0.89481520652771,
        0.8940709233283997,
        0.8972959518432617,
        0.8960555791854858,
        0.8985363245010376,
        0.9000248312950134,
        0.9010171294212341,
        0.9025055766105652,
        0.9017613530158997,
        0.9037459492683411,
        0.9052344560623169,
        0.9072190523147583,
        0.90994793176651,
        0.9079632759094238,
        0.9111883044242859,
        0.9119325280189514,
        0.9084594249725342,
        0.9121806025505066,
        0.9124286770820618,
        0.9106921553611755,
        0.9144132733345032,
        0.9193748235702515,
        0.9183825254440308,
        0.9168940782546997,
        0.9188786745071411,
        0.9208633303642273,
        0.9268171787261963,
        0.9230960011482239,
        0.9230960011482239,
        0.9238402247428894,
        0.9258248805999756,
        0.9288017749786377,
        0.9332671761512756,
        0.9300421476364136,
        0.9255768060684204,
        0.9290498495101929,
        0.9350036978721619,
        0.935251772403717,
        0.9330191016197205,
        0.9374845027923584,
        0.9350036978721619,
        0.9367402791976929,
        0.9409576058387756,
        0.9409576058387756
    ],
    "val_loss": [
        0.6686450839042664,
        0.6614179611206055,
        0.6688119173049927,
        0.6648176312446594,
        0.653826892375946,
        0.6335563063621521,
        0.603952169418335,
        0.574324905872345,
        0.5388001203536987,
        0.4978749752044678,
        0.4340386688709259,
        0.38220441341400146,
        0.3439062237739563,
        0.31077221035957336,
        0.27462446689605713,
        0.26758652925491333,
        0.2657257318496704,
        0.23513372242450714,
        0.23535454273223877,
        0.23193325102329254,
        0.22638967633247375,
        0.23299911618232727,
        0.23477113246917725,
        0.24747520685195923,
        0.258318692445755,
        0.24438020586967468,
        0.24004749953746796,
        0.243907630443573,
        0.2473752647638321,
        0.24582074582576752,
        0.25337913632392883,
        0.2779046893119812,
        0.2671864330768585,
        0.2763328552246094,
        0.27839910984039307,
        0.30508118867874146,
        0.28207382559776306,
        0.28905561566352844,
        0.2820189595222473,
        0.2891865074634552,
        0.30299264192581177,
        0.30313125252723694,
        0.2760469317436218,
        0.2876662313938141,
        0.2846791744232178,
        0.2902090847492218,
        0.25722309947013855,
        0.2660902440547943,
        0.26759082078933716,
        0.28744426369667053,
        0.2633587121963501,
        0.26541414856910706,
        0.25557780265808105,
        0.2511007487773895,
        0.2825669050216675,
        0.24611656367778778,
        0.252742201089859,
        0.21964074671268463,
        0.2462300956249237,
        0.22970104217529297,
        0.25360551476478577,
        0.22424937784671783,
        0.2236933410167694,
        0.22461548447608948,
        0.2259438931941986,
        0.23798470199108124,
        0.23919939994812012,
        0.2603495121002197,
        0.25264933705329895,
        0.28041890263557434,
        0.2343326210975647,
        0.25363463163375854,
        0.27248620986938477,
        0.3122726082801819,
        0.2378803938627243,
        0.2611570358276367,
        0.27749916911125183,
        0.354756236076355,
        0.2779238522052765,
        0.2914513647556305,
        0.2783612608909607,
        0.2459518015384674
    ],